,Soft Voting,Soft Voting
,Mean,Std
AUC-ROC,0.9930191587133257,0.005841673202344925
F1-Score,0.9589746637962565,0.023036222742094842
Balanced-Accuracy,0.9611354306586541,0.02189653292681502
Sensitivity,0.9666341463414625,0.03121262709287014
Specificity,0.9556367149758453,0.030223157124485336
