AUC-ROC,F1-Score,Balanced-Accuracy,Sensitivity,Specificity
0.986251396253093,0.934003303220664,0.936959962295275,0.9555121951219505,0.9184077294685994
0.9891707788382231,0.9525291653981705,0.9548765877223985,0.9578536585365849,0.9518995169082128
0.9902828325674564,0.955054045268744,0.9572886061034521,0.9703414634146336,0.9442357487922706
0.9902366442794868,0.9558830615773616,0.9581927654059149,0.9639024390243899,0.9524830917874393
0.9910253328620243,0.9544871584786235,0.9568309650053022,0.9596097560975604,0.9540521739130433
0.9909242841993634,0.9573694917406204,0.9595782726522919,0.9639024390243898,0.9552541062801934
0.9931462236361497,0.9596314295855873,0.9616991634264167,0.9709268292682927,0.9524714975845407
0.9931632850241547,0.9601386498464259,0.9622048780487797,0.9676097560975603,0.9568000000000001
