,Soft Voting,Soft Voting
,Mean,Std
AUC-ROC,0.7324607244607243,0.07093540602134163
F1-Score,0.7876100656345485,0.03236447526731316
Balanced-Accuracy,0.603018315018315,0.05728739661934612
Sensitivity,0.8791794871794864,0.06837304890248144
Specificity,0.32685714285714274,0.1346318707395399
