AUC-ROC,F1-Score,Balanced-Accuracy,Sensitivity,Specificity
0.6906328856328857,0.7802458797696554,0.5775531135531136,0.8848205128205117,0.2702857142857143
0.7255991045991046,0.7958715352025643,0.6068156288156286,0.8970598290598278,0.3165714285714283
0.7252519332519336,0.7968483326473754,0.6129678469678469,0.8945071225071215,0.33142857142857146
0.7219983719983721,0.7915240263445057,0.5985787545787545,0.8948717948717937,0.3022857142857141
0.7261147741147739,0.7928015986346396,0.5968115588115589,0.8999088319088308,0.2937142857142857
0.7158380138380139,0.7936431796502091,0.5971868131868133,0.9012307692307683,0.29314285714285704
0.7089759869759872,0.7884613141078023,0.5823166463166465,0.9023475783475774,0.2622857142857143
